pathway	ES	NES	pval	padj	leadingEdge	size
Pathway_A	1	1.77475650306028	0.00731420742032323	0.0219426222609697	G1/G2/G3/G4	4
Pathway_B	-1	-1.97103205121851	0.0148045012592453	0.0222067518888679	G10/G9/G8/G7	4
Pathway_C	0.438961038961039	0.75767844962792	0.788561525129983	0.788561525129983	G2	3
