ID	Description	GeneRatio	BgRatio	pvalue	p.adjust	qvalue	geneID	Count
Pathway_A	Pathway_A	3/3	5/12	0.0454545454545455	0.090909090909091	0.0478468899521531	G1/G2/G3	3
Pathway_B	Pathway_B	1/3	4/12	0.745454545454545	0.745454545454545	0.392344497607655	G1	1
