model	term	hazard_ratio	ci_lower	ci_upper	coefficient	standard_error	z_statistic	p_value	method	clinical_conclusion
multivariate	grouplow	0.774725689775432	0.021103802439901	28.4403673748964	-0.25524626096027	1.83832754671738	-0.13884699786828	0.889571054715135	survival::coxph	not_generated
multivariate	age	1.13382800296695	0.88068003673241	1.45974234306692	0.12559952093342	0.128910747265967	0.974313807011638	0.329900751241655	survival::coxph	not_generated
